id,title,vote_average,vote_count,status,release_date,revenue,runtime,adult,backdrop_path,budget,homepage,imdb_id,original_language,original_title,overview,popularity,poster_path,tagline,genres,production_companies,production_countries,spoken_languages,keywords
27205,Inception,8.364,34495,Released,2010-07-15,825532764,148,False,/8ZTVqvKDQ8emSGUEMjsS4yHAwrp.jpg,160000000,https://www.warnerbros.com/movies/inception,tt1375666,en,Inception,"Cobb, a skilled thief who commits corporate espionage by infiltrating the subconscious of his targets is offered a chance to regain his old life as payment for a task considered to be impossible: ""inception"", the implantation of another person's idea into a target's subconscious.",83.952,/oYuLEt3zVCKq57qu2F8dT7NIa6f.jpg,Your mind is the scene of the crime.,"Action, Science Fiction, Adventure","Legendary Pictures, Syncopy, Warner Bros. Pictures","United Kingdom, United States of America","English, French, Japanese, Swahili","rescue, mission, dream, airplane, paris, france, virtual reality, kidnapping, philosophy, spy, allegory, manipulation, car crash, heist, memory, architecture, los angeles, california, dream world, subconscious"
157336,Interstellar,8.417,32571,Released,2014-11-05,701729206,169,False,/pbrkL804c8yAv3zBZR4QPEafpAR.jpg,165000000,http://www.interstellarmovie.net/,tt0816692,en,Interstellar,The adventures of a group of explorers who make use of a newly discovered wormhole to surpass the limitations on human space travel and conquer the vast distances involved in an interstellar voyage.,140.241,/gEU2QniE6E77NI6lCU6MxlNBvIx.jpg,Mankind was born on Earth. It was never meant to die here.,"Adventure, Drama, Science Fiction","Legendary Pictures, Syncopy, Lynda Obst Productions","United Kingdom, United States of America",English,"rescue, future, spacecraft, race against time, artificial intelligence (a.i.), nasa, time warp, dystopia, expedition, space travel, wormhole, famine, black hole, quantum mechanics, family relationships, space, robot, astronaut, scientist, single father, farmer, space station, curious, space adventure, time paradox, thoughtful, time-manipulation, father daughter relationship, 2060s, cornfield, time manipulation, complicated"
155,The Dark Knight,8.512,30619,Released,2008-07-16,1004558444,152,False,/nMKdUUepR0i5zn0y1T4CsSB5chy.jpg,185000000,https://www.warnerbros.com/movies/dark-knight/,tt0468569,en,The Dark Knight,"Batman raises the stakes in his war on crime. With the help of Lt. Jim Gordon and District Attorney Harvey Dent, Batman sets out to dismantle the remaining criminal organizations that plague the streets. The partnership proves to be effective, but they soon find themselves prey to a reign of chaos unleashed by a rising criminal mastermind known to the terrified citizens of Gotham as the Joker.",130.643,/qJ2tW6WMUDux911r6m7haRef0WH.jpg,Welcome to a world without rules.,"Drama, Action, Crime, Thriller","DC Comics, Legendary Pictures, Syncopy, Isobel Griffiths, Warner Bros. Pictures","United Kingdom, United States of America","English, Mandarin","joker, sadism, chaos, secret identity, crime fighter, superhero, anti hero, scarecrow, based on comic, vigilante, organized crime, tragic hero, anti villain, criminal mastermind, district attorney, super power, super villain, neo-noir"
19995,Avatar,7.573,29815,Released,2009-12-15,2923706026,162,False,/vL5LR6WdxWPjLPFRLe133jXWsh5.jpg,237000000,https://www.avatar.com/movies/avatar,tt0499549,en,Avatar,"In the 22nd century, a paraplegic Marine is dispatched to the moon Pandora on a unique mission, but becomes torn between following orders and protecting an alien civilization.",79.932,/kyeqWdyUXW608qlYkRqosgbbJyK.jpg,Enter the world of Pandora.,"Action, Adventure, Fantasy, Science Fiction","Dune Entertainment, Lightstorm Entertainment, 20th Century Fox, Ingenious Media","United States of America, United Kingdom","English, Spanish","future, society, culture clash, space travel, space war, space colony, tribe, romance, alien, futuristic, space, alien planet, marine, soldier, battle, love affair, nature, anti war, power relations, joyful"
24428,The Avengers,7.71,29166,Released,2012-04-25,1518815515,143,False,/9BBTo63ANSmhC4e6r62OJFuK2GL.jpg,220000000,https://www.marvel.com/movies/the-avengers,tt0848228,en,The Avengers,"When an unexpected enemy emerges and threatens global safety and security, Nick Fury, director of the international peacekeeping agency known as S.H.I.E.L.D., finds himself in need of a team to pull the world back from the brink of disaster. Spanning the globe, a daring recruitment effort begins!",98.082,/RYMX2wcKCBAr24UyPD7xwmjaTn.jpg,Some assembly required.,"Science Fiction, Action, Adventure",Marvel Studios,United States of America,"English, Hindi, Russian","new york city, superhero, shield, based on comic, alien invasion, superhero team, aftercreditsstinger, duringcreditsstinger, marvel cinematic universe (mcu)"
293660,Deadpool,7.606,28894,Released,2016-02-09,783100000,108,False,/en971MEXui9diirXlogOrPKmsEn.jpg,58000000,https://www.20thcenturystudios.com/movies/deadpool,tt1431045,en,Deadpool,"The origin story of former Special Forces operative turned mercenary Wade Wilson, who, after being subjected to a rogue experiment that leaves him with accelerated healing powers, adopts the alter ego Deadpool. Armed with his new abilities and a dark, twisted sense of humor, Deadpool hunts down the man who nearly destroyed his life.",72.735,/zq8Cl3PNIDGU3iWNRoc5nEZ6pCe.jpg,Witness the beginning of a happy ending.,"Action, Adventure, Comedy","20th Century Fox, The Donners' Company, Genre Films",United States of America,English,"superhero, anti hero, mercenary, based on comic, aftercreditsstinger, duringcreditsstinger"
299536,Avengers: Infinity War,8.255,27713,Released,2018-04-25,2052415039,149,False,/mDfJG3LC3Dqb67AZ52x3Z0jU0uB.jpg,300000000,https://www.marvel.com/movies/avengers-infinity-war,tt4154756,en,Avengers: Infinity War,"As the Avengers and their allies have continued to protect the world from threats too large for any one hero to handle, a new danger has emerged from the cosmic shadows: Thanos. A despot of intergalactic infamy, his goal is to collect all six Infinity Stones, artifacts of unimaginable power, and use them to inflict his twisted will on all of reality. Everything the Avengers have fought for has led up to this moment - the fate of Earth and existence itself has never been more uncertain.",154.34,/7WsyChQLEftFiDOVTGkv3hFpyyt.jpg,An entire universe. Once and for all.,"Adventure, Action, Science Fiction",Marvel Studios,United States of America,"English, Xhosa","sacrifice, magic, superhero, based on comic, space, battlefield, genocide, magical object, super power, aftercreditsstinger, marvel cinematic universe (mcu), cosmic"
550,Fight Club,8.438,27238,Released,1999-10-15,100853753,139,False,/hZkgoQYus5vegHoetLkCJzb17zJ.jpg,63000000,http://www.foxmovies.com/movies/fight-club,tt0137523,en,Fight Club,"A ticking-time-bomb insomniac and a slippery soap salesman channel primal male aggression into a shocking new form of therapy. Their concept catches on, with underground ""fight clubs"" forming in every town, until an eccentric gets in the way and ignites an out-of-control spiral toward oblivion.",69.498,/pB8BM7pdSp6B6Ih7QZ4DrQ3PmJK.jpg,Mischief. Mayhem. Soap.,Drama,"Regency Enterprises, Fox 2000 Pictures, Taurus Film, Atman Entertainment, Knickerbocker Films, The Linson Company, 20th Century Fox",United States of America,English,"dual identity, rage and hate, based on novel or book, nihilism, fight, support group, dystopia, insomnia, alter ego, breaking the fourth wall, split personality, quitting a job, dissociative identity disorder, self destructiveness"
118340,Guardians of the Galaxy,7.906,26638,Released,2014-07-30,772776600,121,False,/uLtVbjvS1O7gXL8lUOwsFOH4man.jpg,170000000,http://marvel.com/guardians,tt2015381,en,Guardians of the Galaxy,"Light years from Earth, 26 years after being abducted, Peter Quill finds himself the prime target of a manhunt after discovering an orb wanted by Ronan the Accuser.",33.255,/r7vmZjiyZw9rpJMQJdXpjgiCOk9.jpg,All heroes start somewhere.,"Action, Science Fiction, Adventure",Marvel Studios,United States of America,English,"spacecraft, based on comic, space, orphan, adventurer, aftercreditsstinger, duringcreditsstinger, marvel cinematic universe (mcu)"
680,Pulp Fiction,8.488,25893,Released,1994-09-10,213900000,154,False,/suaEOtk1N1sgg2MTM7oZd2cfVp3.jpg,8500000,https://www.miramax.com/movie/pulp-fiction/,tt0110912,en,Pulp Fiction,"A burger-loving hit man, his philosophical partner, a drug-addled gangster's moll and a washed-up boxer converge in this sprawling, comedic crime caper. Their adventures unfurl in three stories that ingeniously trip back and forth in time.",74.862,/d5iIlFn5s0ImszYzBPb8JPIfbXD.jpg,Just because you are a character doesn't mean you have character.,"Thriller, Crime","Miramax, A Band Apart, Jersey Films",United States of America,"English, Spanish, French","drug dealer, boxer, massage, stolen money, briefcase, crime boss, redemption, heirloom, dance competition, los angeles, california, theft, nonlinear timeline, multiple storylines, neo-noir, hilarious"
13,Forrest Gump,8.477,25409,Released,1994-06-23,677387716,142,False,/qdIMHd4sEfJSckfVJfKQvisL02a.jpg,55000000,https://www.paramountmovies.com/movies/forrest-gump,tt0109830,en,Forrest Gump,"A man with a low IQ has accomplished great things in his life and been present during significant historic events—in each case, far exceeding what anyone imagined he could do. But despite all he has achieved, his one true love eludes him.",92.693,/arw2vcBveWOVZr6pxd9XTd1TdQa.jpg,The world will never be the same once you've seen it through the eyes of Forrest Gump.,"Comedy, Drama, Romance","Paramount, The Steve Tisch Company, Wendy Finerman Productions",United States of America,English,"vietnam war, vietnam veteran, mentally disabled, friendship, usa president, washington dc, usa, post-traumatic stress disorder (ptsd), waitress, china, based on novel or book, hippie, single parent, parent child relationship, optimism, 1970s, drug addiction, autism, alabama, black panther party, bus stop, family relationships, single mother, military, anti war protest, 1960s, college american football, mother son relationship, loving, feel-good"
671,Harry Potter and the Philosopher's Stone,7.916,25379,Released,2001-11-16,976475550,152,False,/hziiv14OpD73u9gAak4XDDfBKa2.jpg,125000000,https://www.warnerbros.com/movies/harry-potter-and-sorcerers-stone/,tt0241527,en,Harry Potter and the Philosopher's Stone,"Harry Potter has lived under the stairs at his aunt and uncle's house his whole life. But on his 11th birthday, he learns he's a powerful wizard—with a place waiting for him at the Hogwarts School of Witchcraft and Wizardry. As he learns to harness his newfound powers with the help of the school's kindly headmaster, Harry uncovers the truth about his parents' deaths—and about the villain who's to blame.",185.482,/wuMc08IPKEatf9rnMNXvIDxqP4W.jpg,Let the magic begin.,"Adventure, Fantasy","Warner Bros. Pictures, Heyday Films, 1492 Pictures","United Kingdom, United States of America",English,"witch, school friend, friendship, london, england, based on novel or book, magic, boarding school, child hero, school of witchcraft, chosen one, school, shopping, fantasy world, wizard, christmas, based on young adult novel, owl, wizarding world"
1726,Iron Man,7.64,24874,Released,2008-04-30,585174222,126,False,/cyecB7godJ6kNHGONFjUyVN9OX5.jpg,140000000,https://www.marvel.com/movies/iron-man,tt0371746,en,Iron Man,"After being held captive in an Afghan cave, billionaire engineer Tony Stark creates a unique weaponized suit of armor to fight evil.",72.897,/78lPtwv72eTNqFW9COBYI0dWDJa.jpg,Heroes aren't born. They're built.,"Action, Science Fiction, Adventure",Marvel Studios,United States of America,"English, Persian, Urdu, Arabic","middle east, superhero, arms dealer, malibu, based on comic, aftercreditsstinger, marvel cinematic universe (mcu), counterterrorism"
68718,Django Unchained,8.171,24672,Released,2012-12-25,425368238,165,False,/5Lbm0gpFDRAPIV1Cth6ln9iL1ou.jpg,100000000,http://www.unchainedmovie.com,tt1853728,en,Django Unchained,"With the help of a German bounty hunter, a freed slave sets out to rescue his wife from a brutal Mississippi plantation owner.",54.224,/7oWY8VDWW7thTzWh3OKYRkWUlD5.jpg,"Life, liberty and the pursuit of vengeance.","Drama, Western","The Weinstein Company, Columbia Pictures",United States of America,"English, French, German","rescue, friendship, bounty hunter, texas, slavery, plantation, rivalry, revenge, shootout, racism, kindness, dentist, django, slave trade, aftercreditsstinger, black slave, agreement, 19th century, chattanooga, german, cotton plantation, plantation owner, old west, western, 1850s, mississippi"
278,The Shawshank Redemption,8.702,24649,Released,1994-09-23,28341469,142,False,/kXfqcdQKsToO0OUXHcrrNCHDBzO.jpg,25000000,,tt0111161,en,The Shawshank Redemption,"Framed in the 1940s for the double murder of his wife and her lover, upstanding banker Andy Dufresne begins a new life at the Shawshank prison, where he puts his accounting skills to work for an amoral warden. During his long stretch in prison, Dufresne comes to be admired by the other inmates -- including an older prisoner named Red -- for his integrity and unquenchable sense of hope.",122.61,/lyQBXzOQSuE59IsHyhrp0qIiPAz.jpg,Fear can hold you prisoner. Hope can set you free.,"Drama, Crime",Castle Rock Entertainment,United States of America,English,"prison, friendship, police brutality, corruption, based on novel or book, hope, prison cell, delinquent, redemption, parole board, prison escape, wrongful imprisonment, interracial friendship, framed for murder, 1940s, voiceover"
299534,Avengers: Endgame,8.263,23857,Released,2019-04-24,2800000000,181,False,/7RyHsO4yDXtBv1zUU3mTpHeQ0d5.jpg,356000000,https://www.marvel.com/movies/avengers-endgame,tt4154796,en,Avengers: Endgame,"After the devastating events of Avengers: Infinity War, the universe is in ruins due to the efforts of the Mad Titan, Thanos. With the help of remaining allies, the Avengers must assemble once more in order to undo Thanos' actions and restore order to the universe once and for all, no matter what consequences may be in store.",91.756,/or06FN3Dka5tukK1e9sl16pB3iy.jpg,Avenge the fallen.,"Adventure, Science Fiction, Action",Marvel Studios,United States of America,"English, Japanese, Xhosa","superhero, time travel, space travel, time machine, based on comic, sequel, alien invasion, superhero team, marvel cinematic universe (mcu), alternate timeline, father daughter relationship, sister sister relationship"
603,The Matrix,8.206,23815,Released,1999-03-30,463517383,136,False,/oMsxZEvz9a708d49b6UdZK1KAo5.jpg,63000000,http://www.warnerbros.com/matrix,tt0133093,en,The Matrix,"Set in the 22nd century, The Matrix tells the story of a computer hacker who joins a group of underground insurgents fighting the vast and powerful computers who now rule the earth.",78.564,/f89U3ADr1oiB1s9GkdPOEpXUk5H.jpg,Welcome to the Real World.,"Action, Science Fiction","Village Roadshow Pictures, Groucho II Film Partnership, Silver Pictures, Warner Bros. Pictures",United States of America,English,"man vs machine, martial arts, dream, artificial intelligence (a.i.), saving the world, hacker, self sacrifice, virtual reality, fight, prophecy, truth, philosophy, dystopia, insurgence, simulated reality , cyberpunk, dream world, woman director, messiah, action hero, gnosticism, complex"
597,Titanic,7.9,23637,Released,1997-11-18,2264162353,194,False,/rzdPqYx7Um4FUZeD8wpXqjAUcEm.jpg,200000000,https://www.paramountmovies.com/movies/titanic,tt0120338,en,Titanic,"101-year-old Rose DeWitt Bukater tells the story of her life aboard the Titanic, 84 years later. A young Rose boards the ship with her mother and fiancé. Meanwhile, Jack Dawson and Fabrizio De Rossi win third-class tickets aboard the ship. Rose tells the whole story from Titanic's departure through to its death—on its first and last voyage—on April 15, 1912.",102.348,/9xjZS2rlVxm8SFx8kPC3aIGCOYQ.jpg,Nothing on Earth could come between them.,"Drama, Romance","Paramount, 20th Century Fox, Lightstorm Entertainment",United States of America,"English, French, German, Swedish, Italian, Russian","epic, ship, drowning, panic, shipwreck, evacuation, iceberg, titanic, forbidden love, ocean liner, based on true story, rich woman poor man, love, tragedy, tragic love, disaster, historical fiction, class differences, love affair, historical event, lifeboat, star crossed lovers, sinking ship, steerage, rich snob, disaster movie, 1910s, sunken ship, absurd, sinister, romantic, tragic"
475557,Joker,8.168,23425,Released,2019-10-01,1074458282,122,False,/hO7KbdvGOtDdeg0W4Y5nKEHeDDh.jpg,55000000,http://www.jokermovie.net/,tt7286456,en,Joker,"During the 1980s, a failed stand-up comedian is driven insane and turns to a life of crime and chaos in Gotham City while becoming an infamous psychopathic crime figure.",54.522,/udDclJoHjfjb8Ekgsd4FDteOkCU.jpg,Put on a happy face.,"Crime, Thriller, Drama","Warner Bros. Pictures, Joint Effort, Village Roadshow Pictures, Bron Studios, DC Films","Canada, United States of America",English,"dream, street gang, society, psychopath, clown, villain, based on comic, murder, psychological thriller, criminal mastermind, mental illness, anarchy, character study, clown makeup, subway train, social realism, supervillain, tv host, 1980s, mother son relationship, origin story, falling into madness, depressing"
120,The Lord of the Rings: The Fellowship of the Ring,8.402,23323,Released,2001-12-18,871368364,179,False,/x2RS3uTcsJJ9IfjNPcgDmukoEcQ.jpg,93000000,http://www.lordoftherings.net/,tt0120737,en,The Lord of the Rings: The Fellowship of the Ring,"Young hobbit Frodo Baggins, after inheriting a mysterious ring from his uncle Bilbo, must leave his home in order to keep it from falling into the hands of its evil creator. Along the way, a fellowship is formed to protect the ringbearer and make sure that the ring arrives at its final destination: Mt. Doom, the only place where it can be destroyed.",87.037,/6oom5QYQ2yQTMJIbnvbkBL9cHo6.jpg,One ring to rule them all,"Adventure, Fantasy, Action","New Line Cinema, WingNut Films, The Saul Zaentz Company","New Zealand, United States of America",English,"based on novel or book, orcs, elves, dwarf, magic, loss of loved one, river, fireworks, mine, maze, mountain, new zealand, castle, volcano, birthday party, addiction, uncle, fugitive, battle, death, blizzard, wizard, journey, ring, live action and animation, sword and sorcery, nz"
122,The Lord of the Rings: The Return of the King,8.474,22334,Released,2003-12-01,1118888979,201,False,/2u7zbn8EudG6kLlBzUYqP8RyFU4.jpg,94000000,http://www.lordoftherings.net,tt0167260,en,The Lord of the Rings: The Return of the King,"Aragorn is revealed as the heir to the ancient kings as he, Gandalf and the other members of the broken fellowship struggle to save Gondor from Sauron's forces. Meanwhile, Frodo and Sam take the ring closer to the heart of Mordor, the dark lord's realm.",99.276,/rCzpDGLbOoPwLjy3OAm5NUPOTrC.jpg,The eye of the enemy is moving.,"Adventure, Fantasy, Action","New Line Cinema, WingNut Films, The Saul Zaentz Company","New Zealand, United States of America",English,"based on novel or book, orcs, elves, dwarf, bravery, suspicion, volcano, addiction, honor, royalty, troll, brutality, ghost, wizard, quest, live action and animation, sword and sorcery"
11324,Shutter Island,8.2,22318,Released,2010-02-14,294800000,138,False,/2nqsOT2AqPkTW81bWaLRtjgjqVM.jpg,80000000,http://www.shutterisland.com/,tt1130884,en,Shutter Island,"World War II soldier-turned-U.S. Marshal Teddy Daniels investigates the disappearance of a patient from a hospital for the criminally insane, but his efforts are compromised by troubling visions and a mysterious doctor.",56.595,/4GDy0PHYX3VRXUtwK5ysFbg3kEx.jpg,Some places never let you go.,"Drama, Thriller, Mystery","Phoenix Pictures, Paramount, Appian Way, Sikelia Productions, Mandate International",United States of America,"English, German","island, based on novel or book, hurricane, investigation, u.s. marshal, conspiracy theory, psychiatric hospital, psychological thriller, whodunit, neo-noir, 1950s"
106646,The Wolf of Wall Street,8.035,22222,Released,2013-12-25,392000000,180,False,/63y4XSVTZ7mRzAzkqwi3o0ajDZZ.jpg,100000000,http://www.thewolfofwallstreet.com/,tt0993846,en,The Wolf of Wall Street,"A New York stockbroker refuses to cooperate in a large securities fraud case involving corruption on Wall Street, corporate banking world and mob infiltration. Based on Jordan Belfort's autobiography.",97.444,/34m2tygAYBGqA9MXKhRDtzYd4MR.jpg,Earn. Spend. Party.,"Crime, Drama, Comedy","EMJAG Productions, Red Granite Pictures, Appian Way, Sikelia Productions",United States of America,"English, French","corruption, drug addiction, anti hero, con man, fraud, wall street, based on true story, rise and fall, con artist, money, stockbroker, wealthy, drugs, stripping, hedonism, decadence, corrupt, 1980s, sharemarket fraud, financial market, black monday, joyful"
99861,Avengers: Age of Ultron,7.276,21754,Released,2015-04-22,1405403694,141,False,/6YwkGolwdOMNpbTOmLjoehlVWs5.jpg,365000000,http://marvel.com/movies/movie/193/avengers_age_of_ultron,tt2395427,en,Avengers: Age of Ultron,"When Tony Stark tries to jumpstart a dormant peacekeeping program, things go awry and Earth’s Mightiest Heroes are put to the ultimate test as the fate of the planet hangs in the balance. As the villainous Ultron emerges, it is up to The Avengers to stop him from enacting his terrible plans, and soon uneasy alliances and unexpected action pave the way for an epic and unique global adventure.",96.565,/4ssDuvEDkSArWEdyBl2X5EHvYKU.jpg,A new age has come.,"Action, Adventure, Science Fiction",Marvel Studios,United States of America,English,"artificial intelligence (a.i.), superhero, based on comic, sequel, superhero team, duringcreditsstinger, marvel cinematic universe (mcu), fictitious country, evil robot"
271110,Captain America: Civil War,7.4,21541,Released,2016-04-27,1155046416,147,False,/wdwcOBMkt3zmPQuEMxB3FUtMio2.jpg,250000000,https://www.marvel.com/movies/captain-america-civil-war,tt3498820,en,Captain America: Civil War,"Following the events of Age of Ultron, the collective governments of the world pass an act designed to regulate all superhuman activity. This polarizes opinion amongst the Avengers, causing two factions to side with Iron Man or Captain America, which causes an epic battle between former allies.",70.741,/rAGiXaUfPzY7CDEyNKUofk3Kw2e.jpg,United we stand. Divided we fall.,"Adventure, Action, Science Fiction",Marvel Studios,United States of America,"Romanian, English, German, Russian","civil war, superhero, based on comic, sequel, aftercreditsstinger, duringcreditsstinger, marvel cinematic universe (mcu), excited"
49026,The Dark Knight Rises,7.777,21335,Released,2012-07-17,1081041287,165,False,/c3OHQncTAnKFhdOTX7D3LTW6son.jpg,250000000,http://www.thedarkknightrises.com/,tt1345836,en,The Dark Knight Rises,"Following the death of District Attorney Harvey Dent, Batman assumes responsibility for Dent's crimes to protect the late attorney's reputation and is subsequently hunted by the Gotham City Police Department. Eight years later, Batman encounters the mysterious Selina Kyle and the villainous Bane, a new terrorist leader who overwhelms Gotham's finest. The Dark Knight resurfaces to protect a city that has branded him an enemy.",76.914,/hr0L2aueqlP2BYUblTTjmtn0hw4.jpg,The Legend Ends,"Action, Crime, Drama, Thriller","Syncopy, Legendary Pictures, DC Entertainment, Warner Bros. Pictures",United States of America,English,"fight, burglar, hostage, secret identity, crime fighter, superhero, villainess, time bomb, based on comic, cover-up, vigilante, tragic hero, mobile, terrorism, destruction, fighting, criminal underworld, cat burglar, flood"
68721,Iron Man 3,6.928,21064,Released,2013-04-18,1215577205,130,False,/aFTYFqrWp4RS46Twm87l5e0ItYb.jpg,200000000,https://www.marvel.com/movies/iron-man-3,tt1300854,en,Iron Man 3,"When Tony Stark's world is torn apart by a formidable terrorist called the Mandarin, he starts an odyssey of rebuilding and retribution.",61.06,/qhPtAc1TKbMPqNvcdXSOn9Bn7hZ.jpg,Unleash the power behind the armor.,"Action, Adventure, Science Fiction",Marvel Studios,United States of America,English,"california, war on terror, superhero, malibu, based on comic, tennessee, billionaire, aftercreditsstinger, marvel cinematic universe (mcu), christmas, america"
284054,Black Panther,7.39,21053,Released,2018-02-13,1349926083,135,False,/b6ZJZHUdMEFECvGiDpJjlfUWela.jpg,200000000,https://www.marvel.com/movies/black-panther,tt1825683,en,Black Panther,"King T'Challa returns home to the reclusive, technologically advanced African nation of Wakanda to serve as his country's new leader. However, T'Challa soon finds that he is challenged for the throne by factions within his own country as well as without. Using powers reserved to Wakandan kings, T'Challa assumes the Black Panther mantle to join with ex-girlfriend Nakia, the queen-mother, his princess-kid sister, members of the Dora Milaje (the Wakandan 'special forces') and an American secret agent, to prevent Wakanda from being dragged into a world war.",43.665,/uxzzxijgPIY7slzFvMotPv8wjKA.jpg,Long live the king.,"Action, Adventure, Science Fiction",Marvel Studios,United States of America,"English, Korean, Swahili, Xhosa","africa, superhero, based on comic, aftercreditsstinger, duringcreditsstinger, marvel cinematic universe (mcu)"
284052,Doctor Strange,7.427,20935,Released,2016-10-25,676343174,115,False,/qUv51IFUvVRAP2379ThmA3eLJx6.jpg,180000000,http://marvel.com/doctorstrange,tt1211837,en,Doctor Strange,"After his career is destroyed, a brilliant but arrogant surgeon gets a new lease on life when a sorcerer takes him under her wing and trains him to defend the world against evil.",70.535,/uGBVj3bEbCoZbDjjl9wTxcygko1.jpg,The impossibilities are endless.,"Action, Adventure, Fantasy",Marvel Studios,United States of America,English,"magic, superhero, training, time, based on comic, sorcerer, doctor, neurosurgeon, wizard, aftercreditsstinger, duringcreditsstinger, marvel cinematic universe (mcu)"
76341,Mad Max: Fury Road,7.582,20911,Released,2015-05-13,378858340,121,False,/8yACFuo4OaIiKr9hHFlmPcGalKx.jpg,150000000,https://www.warnerbros.com/movies/mad-max-fury-road,tt1392190,en,Mad Max: Fury Road,"An apocalyptic story set in the furthest reaches of our planet, in a stark desert landscape where humanity is broken, and most everyone is crazed fighting for the necessities of life. Within this world exist two rebels on the run who just might be able to restore order.",78.319,/8tZYtuWezp8JbcsvHYO0O46tFbo.jpg,What a Lovely Day.,"Action, Adventure, Science Fiction","Kennedy Miller Productions, Warner Bros. Pictures, RatPac Entertainment, Village Roadshow Pictures","Australia, United States of America, South Africa",English,"rescue, future, australia, chase, dystopia, post-apocalyptic future, survival, on the run, on the road, convoy, peak oil, dark future"
16869,Inglourious Basterds,8.215,20746,Released,2009-08-19,321457747,153,False,/8pEnePgGyfUqj8Qa6d91OZQ6Aih.jpg,70000000,,tt0361748,en,Inglourious Basterds,"In Nazi-occupied France during World War II, a group of Jewish-American soldiers known as ""The Basterds"" are chosen specifically to spread fear throughout the Third Reich by scalping and brutally killing Nazis. The Basterds, lead by Lt. Aldo Raine soon cross paths with a French-Jewish teenage girl who runs a movie theater in Paris which is targeted by the soldiers.",59.162,/7sfbEnaARXDDhKm0CZ7D7uc2sbo.jpg,Once upon a time in Nazi occupied France...,"Drama, Thriller, War","The Weinstein Company, Universal Pictures, A Band Apart, Zehnte Babelsberg Film, Visiona Romantica, Peninsula Films","France, Germany, United States of America","German, English, French, Italian","guerrilla warfare, swastika, paris, france, nazi, self sacrifice, sadism, dynamite, mexican standoff, world war ii, jew persecution, masochism, anti-semitism, german occupation of france, british politics, revisionist history, adolf hitler"
70160,The Hunger Games,7.193,20636,Released,2012-03-12,694394724,142,False,/yDbyVT8tTOgXUrUXNkHEUqbxb1K.jpg,75000000,http://www.thehungergames.movie/,tt1392170,en,The Hunger Games,"Every year in the ruins of what was once North America, the nation of Panem forces each of its twelve districts to send a teenage boy and girl to compete in the Hunger Games.  Part twisted entertainment, part government intimidation tactic, the Hunger Games are a nationally televised event in which “Tributes” must fight with one another until one survivor remains.  Pitted against highly-trained Tributes who have prepared for these Games their entire lives, Katniss is forced to rely upon her sharp instincts as well as the mentorship of drunken former victor Haymitch Abernathy.  If she’s ever to return home to District 12, Katniss must make impossible choices in the arena that weigh survival against humanity and life against love. The world will be watching.",29.577,/yXCbOiVDCxO71zI7cuwBRXdftq8.jpg,May The Odds Be Ever In Your Favor.,"Science Fiction, Adventure, Fantasy","Lionsgate, Color Force",United States of America,English,"based on novel or book, revolution, dystopia, female protagonist, bow and arrow, game, archery, death match, forced to kill, based on young adult novel"
315635,Spider-Man: Homecoming,7.345,20507,Released,2017-07-05,880166924,133,False,/fn4n6uOYcB6Uh89nbNPoU2w80RV.jpg,175000000,http://www.spidermanhomecoming.com,tt2250912,en,Spider-Man: Homecoming,"Following the events of Captain America: Civil War, Peter Parker, with the help of his mentor Tony Stark, tries to balance his life as an ordinary high school student in Queens, New York City, with fighting crime as his superhero alter ego Spider-Man as a new threat, the Vulture, emerges.",65.88,/c24sv2weTHPsmDa7jEMN0m2P3RT.jpg,Homework can wait. The city can't.,"Action, Adventure, Science Fiction, Drama","Marvel Studios, Pascal Pictures, LStar Capital, Columbia Pictures",United States of America,English,"high school, new york city, washington dc, usa, superhero, based on comic, reboot, aftercreditsstinger, marvel cinematic universe (mcu)"
672,Harry Potter and the Chamber of Secrets,7.721,20390,Released,2002-11-13,876688482,161,False,/1stUIsjawROZxjiCMtqqXqgfZWC.jpg,100000000,https://www.warnerbros.com/movies/harry-potter-and-chamber-secrets/,tt0295297,en,Harry Potter and the Chamber of Secrets,"Cars fly, trees fight back, and a mysterious house-elf comes to warn Harry Potter at the start of his second year at Hogwarts. Adventure and danger await when bloody writing on a wall announces: The Chamber Of Secrets Has Been Opened. To save Hogwarts will require all of Harry, Ron and Hermione’s magical abilities and courage.",121.699,/sdEOH0992YZ0QSxgXNIGLq1ToUi.jpg,Hogwarts is back in session.,"Adventure, Fantasy","Warner Bros. Pictures, Heyday Films, 1492 Pictures","United Kingdom, United States of America",English,"witch, flying car, elves, magic, sword, diary, child hero, school of witchcraft, giant spider, black magic, giant snake, child driving car, wizard, aftercreditsstinger, christmas, based on young adult novel, wizarding world"
283995,Guardians of the Galaxy Vol. 2,7.624,20353,Released,2017-04-19,863756051,137,False,/aJn9XeesqsrSLKcHfHP4u5985hn.jpg,200000000,http://marvel.com/movies/movie/221/guardians_of_the_galaxy_vol_2,tt3896198,en,Guardians of the Galaxy Vol. 2,The Guardians must fight to keep their newfound family together as they unravel the mysteries of Peter Quill's true parentage.,67.553,/y4MBh0EjBlMuOzv9axM4qJlmhzz.jpg,Obviously.,"Science Fiction, Adventure, Action",Marvel Studios,United States of America,English,"superhero, based on comic, sequel, misfit, space, aftercreditsstinger, duringcreditsstinger, marvel cinematic universe (mcu)"
121,The Lord of the Rings: The Two Towers,8.385,20274,Released,2002-12-18,926287400,179,False,/zcc0My3G4SYR72VuEYHNcUWkkW0.jpg,79000000,http://www.lordoftherings.net/,tt0167261,en,The Lord of the Rings: The Two Towers,"Frodo and Sam are trekking to Mordor to destroy the One Ring of Power while Gimli, Legolas and Aragorn search for the orc-captured Merry and Pippin. All along, nefarious wizard Saruman awaits the Fellowship members at the Orthanc Tower in Isengard.",78.73,/5VTN0pR8gcqV3EPUHHfMGnJYN9L.jpg,A New Power Is Rising.,"Adventure, Fantasy, Action","New Line Cinema, WingNut Films, The Saul Zaentz Company","New Zealand, United States of America",English,"mission, army, based on novel or book, funeral, orcs, elves, dwarf, explosive, fort, cave, siege, addiction, attack, dragon, guide, death, split personality, wizard, ring, live action and animation, sword and sorcery"
1771,Captain America: The First Avenger,6.995,20269,Released,2011-07-22,370569774,124,False,/4NWWpT0jiMUak8r6jfpvG4eBgFU.jpg,140000000,https://www.marvel.com/movies/captain-america-the-first-avenger,tt0458339,en,Captain America: The First Avenger,"During World War II, Steve Rogers is a sickly man from Brooklyn who's transformed into super-soldier Captain America to aid in the war effort. Rogers must stop the Red Skull – Adolf Hitler's ruthless head of weaponry, and the leader of an organization that intends to use a mysterious device of untold powers for world domination.",43.665,/vSNxAJTlD0r02V9sPYpOjqDZXUK.jpg,When patriots become heroes,"Action, Adventure, Science Fiction",Marvel Studios,United States of America,"French, Norwegian, English","new york city, nazi, superhero, world war ii, heroism, shield, based on comic, super soldier, period drama, brooklyn, new york city, aftercreditsstinger, marvel cinematic universe (mcu), origin story, soldiers, war"
297761,Suicide Squad,5.909,20097,Released,2016-08-03,746846894,123,False,/zC70x9wqPPtxU99HsoGsxQ8IhSw.jpg,175000000,http://www.suicidesquad.com/,tt1386697,en,Suicide Squad,"From DC Comics comes the Suicide Squad, an antihero team of incarcerated supervillains who act as deniable assets for the United States government, undertaking high-risk black ops missions in exchange for commuted prison sentences.",35.356,/xFw9RXKZDvevAGocgBK0zteto4U.jpg,Worst. Heroes. Ever.,"Action, Adventure, Fantasy","DC Entertainment, Dune Entertainment, Warner Bros. Pictures, Atlas Entertainment, DC Comics, DC Films, Lin Pictures",United States of America,"English, Japanese, Spanish","secret mission, superhero, anti hero, villain, supervillain, dc extended universe (dceu)"
673,Harry Potter and the Prisoner of Azkaban,8.02,20038,Released,2004-05-31,789804554,141,False,/obKmfNexgL4ZP5cAmzdL4KbHHYX.jpg,130000000,https://www.warnerbros.com/movies/harry-potter-and-prisoner-azkaban/,tt0304141,en,Harry Potter and the Prisoner of Azkaban,"Year three at Hogwarts means new fun and challenges as Harry learns the delicate art of approaching a Hippogriff, transforming shape-shifting Boggarts into hilarity and even turning back time. But the term also brings danger: soul-sucking Dementors hover over the school, an ally of the accursed He-Who-Cannot-Be-Named lurks within the castle walls, and fearsome wizard Sirius Black escapes Azkaban. And Harry will confront them all.",124.386,/aWxwnYoe8p2d2fcxOqtvAtJ72Rw.jpg,Something wicked this way comes.,"Adventure, Fantasy","Warner Bros. Pictures, 1492 Pictures, Heyday Films, P of A Productions Limited","United Kingdom, United States of America",English,"witch, school friend, friendship, flying, magic, bus, traitor, child hero, school of witchcraft, black magic, time travel, school, best friend, werewolf, muggle, wizard, aftercreditsstinger, magical creature, night bus, teenage life, christmas, school class, based on young adult novel, magic spell, wizarding world"
10195,Thor,6.768,20023,Released,2011-04-21,449326618,115,False,/1wOu8rdvPxU1ObHi20VcRhfNpbo.jpg,150000000,http://thor.marvel.com/,tt0800369,en,Thor,"Against his father Odin's will, The Mighty Thor - a powerful but arrogant warrior god - recklessly reignites an ancient war. Thor is cast down to Earth and forced to live among humans as punishment. Once here, Thor learns what it takes to be a true hero when the most dangerous villain of his world sends the darkest forces of Asgard to invade Earth.",51.277,/prSfAi1xGrhLQNxVSUFh61xQ4Qy.jpg,Two worlds. One hero.,"Adventure, Fantasy, Action",Marvel Studios,United States of America,English,"new mexico, superhero, redemption, banishment, based on comic, brother against brother, norse mythology, aftercreditsstinger, marvel cinematic universe (mcu), worlds collide, god of thunder, fantasy"
10138,Iron Man 2,6.835,19756,Released,2010-04-28,623933331,124,False,/jesRqfL9v6HNnowe795xjmuKUXl.jpg,200000000,https://www.marvel.com/movies/iron-man-2,tt1228705,en,Iron Man 2,"With the world now aware of his dual life as the armored superhero Iron Man, billionaire inventor Tony Stark faces pressure from the government, the press and the public to share his technology with the military. Unwilling to let go of his invention, Stark, with Pepper Potts and James 'Rhodey' Rhodes at his side, must forge new alliances – and confront powerful enemies.",84.445,/6WBeq4fCfn7AN0o21W9qNcRF2l9.jpg,"It's not the armor that makes the hero, but the man inside.","Adventure, Action, Science Fiction","Marvel Studios, Fairview Entertainment",United States of America,"English, Russian, French","technology, superhero, malibu, based on comic, revenge, aftercreditsstinger, marvel cinematic universe (mcu), break out"
272,Batman Begins,7.701,19561,Released,2005-06-10,374218673,140,False,/lh5lbisD4oDbEKgUxoRaZU8HVrk.jpg,150000000,https://www.warnerbros.com/movies/batman-begins/,tt0372784,en,Batman Begins,"Driven by tragedy, billionaire Bruce Wayne dedicates his life to uncovering and defeating the corruption that plagues his home, Gotham City.  Unable to work within the system, he instead creates a new identity, a symbol of fear for the criminal underworld - The Batman.",66.286,/4MpN4kIEqUjW8OPtOQJXlTdHiJV.jpg,Evil fears the knight.,"Action, Crime, Drama","Warner Bros. Pictures, DC Comics, Syncopy, Legendary Pictures, Patalex III Productions Limited","United Kingdom, United States of America","English, Urdu, Mandarin","martial arts, undercover, loss of loved one, secret identity, crime fighter, superhero, based on comic, rivalry, ninja, vigilante, tragic hero, super power, haunted by the past, evil doctor, master villain, unfulfilled love"
284053,Thor: Ragnarok,7.595,19539,Released,2017-10-02,855301806,131,False,/kaIfm5ryEOwYg8mLbq8HkPuM1Fo.jpg,180000000,https://marvel.com/movies/movie/222/thor_ragnarok,tt3501632,en,Thor: Ragnarok,"Thor is imprisoned on the other side of the universe and finds himself in a race against time to get back to Asgard to stop Ragnarok, the destruction of his home-world and the end of Asgardian civilization, at the hands of a powerful new threat, the ruthless Hela.",45.2,/rzRwTcFvttcN1ZpX2xv4j3tSdJu.jpg,No hammer. No problem.,"Action, Adventure, Science Fiction",Marvel Studios,United States of America,English,"superhero, based on comic, sequel, alien planet, female villain, norse mythology, aftercreditsstinger, duringcreditsstinger, marvel cinematic universe (mcu), norse god, loki"
150540,Inside Out,7.922,19463,Released,2015-06-09,857611174,95,False,/j29ekbcLpBvxnGk6LjdTc2EI5SA.jpg,175000000,http://movies.disney.com/inside-out,tt2096673,en,Inside Out,"Growing up can be a bumpy road, and it's no exception for Riley, who is uprooted from her Midwest life when her father starts a new job in San Francisco. Riley's guiding emotions— Joy, Fear, Anger, Disgust and Sadness—live in Headquarters, the control centre inside Riley's mind, where they help advise her through everyday life and tries to keep things positive, but the emotions conflict on how best to navigate a new city, house and school.",107.292,/2H1TmgdfNtsKlU9jKdeNyYL5y8T.jpg,Meet the little voices inside your head.,"Animation, Family, Adventure, Drama, Comedy","Pixar, Walt Disney Pictures",United States of America,English,"dream, san francisco, california, minnesota, sadness, cartoon, ice hockey, imaginary friend, elementary school, family relationships, memory, family, unicorn, running away, duringcreditsstinger, emotions"
135397,Jurassic World,6.682,19414,Released,2015-06-06,1671537444,124,False,/dF6FjTZzRTENfB4R17HDN20jLT2.jpg,150000000,http://www.jurassicworld.com/,tt0369610,en,Jurassic World,"Twenty-two years after the events of Jurassic Park, Isla Nublar now features a fully functioning dinosaur theme park, Jurassic World, as originally envisioned by John Hammond.",54.089,/A0LZHXUzo5C60Oahvt7VxvwuzHw.jpg,The park is open.,"Action, Adventure, Science Fiction, Thriller","Amblin Entertainment, Universal Pictures",United States of America,English,"island, primal fear, escape, velociraptor, dna, tyrannosaurus rex, animal attack, sequel, dinosaur, creature, park, amusement park, theme park, genetic engineering, raptor, animal horror, mosasaurus"
807,Se7en,8.368,19403,Released,1995-09-22,327311859,127,False,/i5H7zusQGsysGQ8i6P361Vnr0n2.jpg,33000000,http://www.sevenmovie.com/,tt0114369,en,Se7en,"Two homicide detectives are on a desperate hunt for a serial killer whose crimes are based on the ""seven deadly sins"" in this dark and haunting film that takes viewers from the tortured remains of one victim to the next. The seasoned Det. Sommerset researches each sin in an effort to get inside the killer's mind, while his novice partner, Mills, scoffs at his efforts to unravel the case.",53.521,/6yoghtyTpznpBik8EngEmJskVUO.jpg,Seven deadly sins. Seven ways to die.,"Crime, Mystery, Thriller","New Line Cinema, Juno Pix, Cecchi Gori Pictures",United States of America,English,"drug dealer, rage and hate, police, s.w.a.t., sadism, self-fulfilling prophecy, psychopath, detective, rain, investigation, pension, evisceration, pride and vanity, immoderateness, insomnia, murder, serial killer, religion, seven deadly sins, depravity, neo-noir"
674,Harry Potter and the Goblet of Fire,7.816,19287,Released,2005-11-16,895921036,157,False,/5rrGVmRUuCKVbqUu41XIWTXJmNA.jpg,150000000,https://www.warnerbros.com/movies/harry-potter-and-goblet-fire/,tt0330373,en,Harry Potter and the Goblet of Fire,"When Harry Potter's name emerges from the Goblet of Fire, he becomes a competitor in a grueling battle for glory among three wizarding schools—the Triwizard Tournament. But since Harry never submitted his name for the Tournament, who did? Now Harry must confront a deadly dragon, fierce water demons and an enchanted maze only to find himself in the cruel grasp of He Who Must Not Be Named.",134.276,/fECBtHlr0RB3foNHDiCBXeg9Bv9.jpg,Dark And Difficult Times Lie Ahead.,"Adventure, Fantasy","Warner Bros. Pictures, Heyday Films, Patalex IV Productions Limited","United Kingdom, United States of America","English, French","witch, dying and death, based on novel or book, magic, boarding school, world cup, maze, mermaid, school of witchcraft, black magic, chosen one, vision, school, tournament, dragon, wizard, teenage hero, christmas, based on young adult novel, wizarding world"
22,Pirates of the Caribbean: The Curse of the Black Pearl,7.794,19233,Released,2003-07-09,655011224,143,False,/wW7Wt5bXzPy4VOEE4LTIUDyDgBo.jpg,140000000,https://movies.disney.com/pirates-of-the-caribbean-the-curse-of-the-black-pearl,tt0325980,en,Pirates of the Caribbean: The Curse of the Black Pearl,"Jack Sparrow, a freewheeling 18th-century pirate, quarrels with a rival pirate bent on pillaging Port Royal. When the governor's daughter is kidnapped, Sparrow decides to help the girl's love save her.",80.509,/z8onk7LV9Mmw6zKz4hT6pzzvmvl.jpg,Prepare to be blown out of the water.,"Adventure, Fantasy, Action","Walt Disney Pictures, Jerry Bruckheimer Films",United States of America,English,"blacksmith, east india company, gold, exotic island, governor, skeleton, jamaica, british empire, pirate, swashbuckler, 18th century, caribbean sea, aftercreditsstinger, pirate ship, british navy, tortuga, based on theme park ride"
12445,Harry Potter and the Deathly Hallows: Part 2,8.105,19183,Released,2011-07-12,1341511219,130,False,/n5A7brJCjejceZmHyujwUTVgQNC.jpg,125000000,https://www.warnerbros.com/movies/harry-potter-and-deathly-hallows-part-2/,tt1201607,en,Harry Potter and the Deathly Hallows: Part 2,"Harry, Ron and Hermione continue their quest to vanquish the evil Voldemort once and for all. Just as things begin to look hopeless for the young wizards, Harry discovers a trio of magical objects that endow him with powers to rival Voldemort's formidable skills.",110.974,/c54HpQmuwXjHq2C9wmoACjxoom3.jpg,It all ends here.,"Fantasy, Adventure","Warner Bros. Pictures, Heyday Films","United Kingdom, United States of America",English,"witch, dying and death, saving the world, self sacrifice, magic, school of witchcraft, sorcerer, school, battle, wizard, teenage hero, christmas, based on young adult novel, good versus evil, wizarding world"
11,Star Wars,8.204,19155,Released,1977-05-25,775398007,121,False,/zqkmTXzjkAgXmEWLRsY4UpTWCeo.jpg,11000000,http://www.starwars.com/films/star-wars-episode-iv-a-new-hope,tt0076759,en,Star Wars,Princess Leia is captured and held hostage by the evil Imperial forces in their effort to take over the galactic Empire. Venturesome Luke Skywalker and dashing captain Han Solo team together with the loveable robot duo R2-D2 and C-3PO to rescue the beautiful princess and restore peace and justice in the Empire.,88.559,/6FfCtAuVAW8XJjZ7eWeLibRLWTw.jpg,"A long time ago in a galaxy far, far away...","Adventure, Action, Science Fiction","Lucasfilm Ltd., 20th Century Fox",United States of America,English,"empire, galaxy, rebellion, android, hermit, smuggling (contraband), freedom, rebel, rescue mission, space, planet, desert, super power, oppression, space opera, wizard, totalitarianism"
297762,Wonder Woman,7.236,18954,Released,2017-05-30,822854286,141,False,/AaABt75ZzfMGrscUR2seabz4PEX.jpg,149000000,https://www.warnerbros.com/movies/wonder-woman,tt0451279,en,Wonder Woman,An Amazon princess comes to the world of Man in the grips of the First World War to confront the forces of evil and bring an end to human conflict.,54.628,/imekS7f1OuHyUP2LAiTEM0zBzUz.jpg,Power. Grace. Wisdom. Wonder.,"Action, Adventure, Fantasy","Atlas Entertainment, Cruel & Unusual Films, DC Films",United States of America,"German, English","island, hero, strong woman, world war i, empowerment, superhero, feminism, greek mythology, based on comic, female protagonist, period drama, super power, heroine, woman director, female empowerment, 1910s, dc extended universe (dceu)"
14160,Up,7.949,18857,Released,2009-05-28,735099082,96,False,/hGGC9gKo7CFE3fW07RA587e5kol.jpg,175000000,http://disney.go.com/disneypictures/up/,tt1049413,en,Up,"Carl Fredricksen spent his entire life dreaming of exploring the globe and experiencing life to its fullest. But at age 78, life seems to have passed him by, until a twist of fate (and a persistent 8-year old Wilderness Explorer named Russell) gives him a new lease on life.",90.968,/vpbaStTMt8qqXaEgnOR2EE4DNJk.jpg,The greatest adventure is just getting back home.,"Animation, Comedy, Family, Adventure",Pixar,United States of America,English,"central and south america, age difference, balloon, travel, dog, duringcreditsstinger, pets, exploring, senior"
102899,Ant-Man,7.082,18730,Released,2015-07-14,519311965,117,False,/1K3JmSNUN8OpjYsCjc0Hy0SYxAb.jpg,130000000,http://marvel.com/movies/movie/180/ant-man,tt0478970,en,Ant-Man,"Armed with the astonishing ability to shrink in scale but increase in strength, master thief Scott Lang must embrace his inner-hero and help his mentor, Doctor Hank Pym, protect the secret behind his spectacular Ant-Man suit from a new generation of towering threats. Against seemingly insurmountable obstacles, Pym and Lang must plan and pull off a heist that will save the world.",37.692,/8YxOIPrabqkQCOKKbuxaz9IcqhO.jpg,Heroes don't get any bigger.,"Science Fiction, Action, Adventure",Marvel Studios,United States of America,English,"superhero, ant, shrinking, based on comic, heist, miniaturization, miniature people, aftercreditsstinger, duringcreditsstinger, marvel cinematic universe (mcu)"
238,The Godfather,8.707,18677,Released,1972-03-14,245066411,175,False,/tmU7GeKVybMWFButWEGl2M4GeiP.jpg,6000000,http://www.thegodfather.com/,tt0068646,en,The Godfather,"Spanning the years 1945 to 1955, a chronicle of the fictional Italian-American Corleone crime family. When organized crime family patriarch, Vito Corleone barely survives an attempt on his life, his youngest son, Michael steps in to take care of the would-be killers, launching a campaign of bloody revenge.",158.448,/3bhkrj58Vtu7enYsRolD1fZdja1.jpg,An offer you can't refuse.,"Drama, Crime","Paramount, Alfran Productions",United States of America,"English, Italian, Latin","based on novel or book, loss of loved one, love at first sight, italy, symbolism, patriarch, europe, organized crime, mafia, religion, lawyer, revenge motive, crime family, sicilian mafia, religious hypocrisy, gun violence, rise to power, dead horse, gang violence, 1940s, 1950s, mafia war"
286217,The Martian,7.678,18525,Released,2015-09-30,630600000,141,False,/3dPhs7hUnQLphDFzdkD407VZDYo.jpg,108000000,https://www.20thcenturystudios.com/movies/the-martian,tt3659388,en,The Martian,"During a manned mission to Mars, Astronaut Mark Watney is presumed dead after a fierce storm and left behind by his crew. But Watney has survived and finds himself stranded and alone on the hostile planet. With only meager supplies, he must draw upon his ingenuity, wit and spirit to subsist and find a way to signal to Earth that he is alive.",76.0,/5BHuvQ6p9kfc091Z8RiFNhCwL4b.jpg,Bring Him Home,"Drama, Adventure, Science Fiction","Scott Free Productions, Genre Films","United Kingdom, United States of America","English, Mandarin","spacecraft, planet mars, based on novel or book, nasa, isolation, botanist, alone, survival, space, engineering, stranded, astronaut, struggle for survival, duringcreditsstinger, deep space, potatoes, 2030s"
105,Back to the Future,8.314,18442,Released,1985-07-03,381109762,116,False,/5bzPWQ2dFUl2aZKkp7ILJVVkRed.jpg,19000000,http://www.backtothefuture.com/movies/backtothefuture1,tt0088763,en,Back to the Future,"Eighties teenager Marty McFly is accidentally sent back in time to 1955, inadvertently disrupting his parents' first meeting and attracting his mother's romantic interest. Marty must repair the damage to history by rekindling his parents' romance and - with the help of his eccentric inventor friend Doc Brown - return to 1985.",62.543,/fNOH9f1aA7XRTzl1sAOx9iF553Q.jpg,He's the only kid ever to get into trouble before he was born.,"Adventure, Comedy, Science Fiction","Universal Pictures, Amblin Entertainment",United States of America,English,"flying car, race against time, clock tower, car race, lightning, guitar, plutonium, inventor, journey in the past, invention, time travel, bullying, mad scientist, fish out of water, terrorism, teenage love, destiny, hidden identity, love and romance, teenage life, changing the past or future, 1950s, tiempo, amused"
140607,Star Wars: The Force Awakens,7.293,18352,Released,2015-12-15,2068223624,136,False,/8BTsTfln4jlQrLXUBquXJ0ASQy9.jpg,245000000,http://www.starwars.com/films/star-wars-episode-vii,tt2488496,en,Star Wars: The Force Awakens,"Thirty years after defeating the Galactic Empire, Han Solo and his allies face a new threat from the evil Kylo Ren and his army of Stormtroopers.",66.772,/wqnLdwVXoBjKibFRR5U3y0aDUhs.jpg,Every generation has a story.,"Adventure, Action, Science Fiction","Lucasfilm Ltd., Bad Robot",United States of America,English,"android, spacecraft, space opera"
634649,Spider-Man: No Way Home,7.99,18299,Released,2021-12-15,1921847111,148,False,/14QbnygCuTO0vl7CAFmPf1fgZfV.jpg,200000000,https://www.spidermannowayhome.movie,tt10872600,en,Spider-Man: No Way Home,"Peter Parker is unmasked and no longer able to separate his normal life from the high-stakes of being a super-hero. When he asks for help from Doctor Strange the stakes become even more dangerous, forcing him to discover what it truly means to be Spider-Man.",186.065,/5weKu49pzJCt06OPpjvT80efnQj.jpg,The Multiverse unleashed.,"Action, Adventure, Science Fiction","Marvel Studios, Pascal Pictures, Columbia Pictures",United States of America,"English, Tagalog","new york city, hero, showdown, magic, loss of loved one, secret identity, superhero, villain, portal, sequel, vigilante, superhero team, alternate reality, masked vigilante, spider web, aftercreditsstinger, duringcreditsstinger, marvel cinematic universe (mcu), fight for justice, teen superhero, superhero teamup, returning hero, crossover, teamwork"
675,Harry Potter and the Order of the Phoenix,7.686,18177,Released,2007-07-08,938212738,138,False,/pkxPkHOPJjOvzfQOclANEBT8OfK.jpg,150000000,https://www.warnerbros.com/movies/harry-potter-and-order-phoenix/,tt0373889,en,Harry Potter and the Order of the Phoenix,"Returning for his fifth year of study at Hogwarts, Harry is stunned to find that his warnings about the return of Lord Voldemort have been ignored. Left with no choice, Harry takes matters into his own hands, training a small group of students to defend themselves against the dark arts.",117.168,/5aOyriWkPec0zUDxmHFP9qMmBaj.jpg,Evil Must Be Confronted.,"Adventure, Fantasy","Warner Bros. Pictures, Heyday Films","United Kingdom, United States of America",English,"witch, dying and death, court, magic, prophecy, loss of loved one, professor, supernatural, child hero, school of witchcraft, black magic, sorcery, occult, wizard, christmas, scholar, mystical land, ministry, based on young adult novel, wizarding world"
767,Harry Potter and the Half-Blood Prince,7.697,18127,Released,2009-07-15,933959197,153,False,/urDWNffjwmNi5IQaezw9GwqkUXa.jpg,250000000,https://www.warnerbros.com/movies/harry-potter-and-half-blood-prince/,tt0417741,en,Harry Potter and the Half-Blood Prince,"As Lord Voldemort tightens his grip on both the Muggle and wizarding worlds, Hogwarts is no longer a safe haven. Harry suspects perils may even lie within the castle, but Dumbledore is more intent upon preparing him for the final battle fast approaching. Together they work to find the key to unlock Voldemorts defenses and to this end, Dumbledore recruits his old friend and colleague Horace Slughorn, whom he believes holds crucial information. Even as the decisive showdown looms, romance blossoms for Harry, Ron, Hermione and their classmates. Love is in the air, but danger lies ahead and Hogwarts may never be the same again.",121.735,/z7uo9zmQdQwU5ZJHFpv2Upl30i1.jpg,Dark Secrets Revealed,"Adventure, Fantasy","Warner Bros. Pictures, Heyday Films","United Kingdom, United States of America",English,"witch, dying and death, london, england, magic, school of witchcraft, apparition, curse, teenage crush, school, werewolf, teenage love, luck, wizard, secret past, christmas, based on young adult novel, wizarding world"
263115,Logan,7.8,18116,Released,2017-02-28,619021436,137,False,/9X7YweCJw3q8Mcf6GadxReFEksM.jpg,97000000,https://www.20thcenturystudios.com/movies/logan,tt3315342,en,Logan,"In the near future, a weary Logan cares for an ailing Professor X in a hideout on the Mexican border. But Logan's attempts to hide from the world and his legacy are upended when a young mutant arrives, pursued by dark forces.",54.194,/fnbjcRDYn6YviCcePDnGdyAkYsB.jpg,His time has come.,"Action, Drama, Science Fiction","Hutch Parker Entertainment, The Donners' Company, Genre Films, 20th Century Fox",United States of America,"English, Spanish","future, experiment, immortality, self-destruction, cyborg, dystopia, superhero, mutant, road trip, based on comic, sequel, super power, neo-western, troubled past, aging superhero, life on the margin"
12,Finding Nemo,7.824,18061,Released,2003-05-30,940335536,100,False,/h3uqFk7sZRJvLZDdLiFB9qwbL07.jpg,94000000,http://movies.disney.com/finding-nemo,tt0266543,en,Finding Nemo,"Nemo, an adventurous young clownfish, is unexpectedly taken from his Great Barrier Reef home to a dentist's office aquarium. It's up to his worrisome father Marlin and a friendly but forgetful fish Dory to bring Nemo home -- meeting vegetarian sharks, surfer dude turtles, hypnotic jellyfish, hungry seagulls, and more along the way.",55.456,/ggQ6o8X5984OCh3kZi2UIJQJY5y.jpg,There are 3.7 trillion fish in the ocean. They're looking for one.,"Animation, Family",Pixar,United States of America,English,"sydney, australia, parent child relationship, anthropomorphism, harbor, underwater, shark, pelican, fish tank, great barrier reef, sea turtle, missing child, aftercreditsstinger, duringcreditsstinger, short term memory loss, clownfish, father son reunion, protective father"
346364,It,7.242,18018,Released,2017-09-06,701800000,135,False,/tcheoA2nPATCm2vvXw2hVQoaEFD.jpg,40000000,http://itthemovie.com/,tt1396484,en,It,"In a small town in Maine, seven children known as The Losers Club come face to face with life problems, bullies and a monster that takes the shape of a clown called Pennywise.",74.73,/9E2y5Q7WlCVNEhP5GiVTjhEhx1o.jpg,You’ll float too,"Horror, Fantasy","New Line Cinema, Vertigo Entertainment, Lin Pictures, KatzSmith Productions",United States of America,English,"small town, based on novel or book, clown, bullying, abandoned house, coming of age, flashback, murder, balloon, maine, school, creature, fear, summer, killer, missing person, death of brother, well, child, demonic, town history, anxious, intense"
245891,John Wick,7.421,17923,Released,2014-10-22,88761661,101,False,/7dzngS8pLkGJpyeskCFcjPO9qLF.jpg,20000000,https://www.lionsgate.com/movies/john-wick,tt2911666,en,John Wick,Ex-hitman John Wick comes out of retirement to track down the gangsters that took everything from him.,55.739,/fZPSd91yGE9fCcCe6OoQr6E3Bev.jpg,Don't set him off.,"Action, Thriller","87Eleven, DefyNite Films, MJW Films, Thunder Road",United States of America,"Hungarian, English, Russian","hitman, bratva (russian mafia), gangster, secret organization, revenge, murder, dog, retired, widower"
259316,Fantastic Beasts and Where to Find Them,7.334,17892,Released,2016-11-16,809342332,132,False,/8Qsr8pvDL3s1jNZQ4HK1d1Xlvnh.jpg,180000000,http://www.fantasticbeasts.com/,tt3183660,en,Fantastic Beasts and Where to Find Them,"In 1926, Newt Scamander arrives at the Magical Congress of the United States of America with a magically expanded briefcase, which houses a number of dangerous creatures and their habitats. When the creatures escape from the briefcase, it sends the American wizarding authorities after Newt, and threatens to strain even further the state of magical and non-magical relations.",46.103,/h6NYfVUyM6CDURtZSnBpz647Ldd.jpg,From J.K. Rowling's wizarding world.,"Fantasy, Adventure, Family","Heyday Films, Warner Bros. Pictures","United Kingdom, United States of America",English,"witch, new york city, robbery, escape, teleportation, magic, suitcase, mistake, spin off, subway station, central park, wizard, goblin, magical creature, 1920s, wizarding world"
12444,Harry Potter and the Deathly Hallows: Part 1,7.763,17782,Released,2010-11-17,954305868,146,False,/AqLcLsGGTzAjm3pCCq0CZCQrp6m.jpg,250000000,https://www.warnerbros.com/movies/harry-potter-and-deathly-hallows-part-1/,tt0926084,en,Harry Potter and the Deathly Hallows: Part 1,"Harry, Ron and Hermione walk away from their last year at Hogwarts to find and destroy the remaining Horcruxes, putting an end to Voldemort's bid for immortality. But with Harry's beloved Dumbledore dead and Voldemort's unscrupulous Death Eaters on the loose, the world is more dangerous than ever.",111.984,/iGoXIpQb7Pot00EEdwpwPajheZ5.jpg,One Way… One Fate… One Hero.,"Adventure, Fantasy","Warner Bros. Pictures, Heyday Films","United Kingdom, United States of America",English,"witch, friendship, london, england, corruption, escape, teleportation, isolation, magic, bravery, radio, road trip, shelter, tension, attack, werewolf, road movie, wizard, christmas, based on young adult novel, wizarding world"
354912,Coco,8.222,17742,Released,2017-10-27,800526015,105,False,/askg3SMvhqEl4OL52YuvdtY40Yb.jpg,175000000,https://www.pixar.com/feature-films/coco,tt2380307,en,Coco,"Despite his family’s baffling generations-old ban on music, Miguel dreams of becoming an accomplished musician like his idol, Ernesto de la Cruz. Desperate to prove his talent, Miguel finds himself in the stunning and colorful Land of the Dead following a mysterious chain of events. Along the way, he meets charming trickster Hector, and together, they set off on an extraordinary journey to unlock the real story behind Miguel's family history.",166.578,/gGEsBPAijhVUFoiNpgZXqRVWJt2.jpg,The celebration of a lifetime,"Family, Animation, Fantasy, Music, Comedy, Adventure","Pixar, Walt Disney Pictures",United States of America,"English, Spanish","skeleton, mexico, guitar, afterlife, musician, holiday, singer, life after death, child, day of the dead, pixar"
100402,Captain America: The Winter Soldier,7.671,17692,Released,2014-03-20,714766572,136,False,/1RWLMyC9KcFfcaoViMiJGSSZzzr.jpg,170000000,http://www.captainamericathewintersoldiermovie.com,tt1843866,en,Captain America: The Winter Soldier,"After the cataclysmic events in New York with The Avengers, Steve Rogers, aka Captain America is living quietly in Washington, D.C. and trying to adjust to the modern world. But when a S.H.I.E.L.D. colleague comes under attack, Steve becomes embroiled in a web of intrigue that threatens to put the world at risk. Joining forces with the Black Widow, Captain America struggles to expose the ever-widening conspiracy while fighting off professional assassins sent to silence him at every turn. When the full scope of the villainous plot is revealed, Captain America and the Black Widow enlist the help of a new ally, the Falcon. However, they soon find themselves up against an unexpected and formidable enemy—the Winter Soldier.",31.482,/tVFRpFw3xTedgPGqxW0AOI8Qhh0.jpg,In heroes we trust.,"Action, Adventure, Science Fiction",Marvel Studios,United States of America,English,"future, washington dc, usa, superhero, shield, based on comic, aftercreditsstinger, duringcreditsstinger, marvel cinematic universe (mcu), political thriller"
557,Spider-Man,7.279,17653,Released,2002-05-01,821708551,121,False,/jHxCeXnSchAuwHnmVatTgqMYdX8.jpg,139000000,https://www.sonypictures.com/movies/spiderman,tt0145487,en,Spider-Man,"After being bitten by a genetically altered spider at Oscorp, nerdy but endearing high school student Peter Parker is endowed with amazing powers to become the superhero known as Spider-Man.",63.478,/gh4cZbhZxyTbgxQPxD0dOudNPTn.jpg,With great power comes great responsibility.,"Fantasy, Action","Marvel Enterprises, Laura Ziskin Productions, Columbia Pictures",United States of America,English,"new york city, adolescence, photographer, loss of loved one, photography, secret identity, hostility, superhero, spider, bad boss, villain, based on comic, teenage boy, teenage love, evil, super villain, taking responsibility"
10681,WALL·E,8.078,17446,Released,2008-06-22,521311860,98,False,/fK5ssgvtI43z19FoWigdlqgpLRE.jpg,180000000,https://www.pixar.com/feature-films/walle/,tt0910970,en,WALL·E,"What if mankind had to leave Earth and somebody forgot to turn the last robot off? After hundreds of years doing what he was built for, WALL•E discovers a new purpose in life when he meets a sleek search robot named EVE. EVE comes to realize that WALL•E has inadvertently stumbled upon the key to the planet's future, and races back to space to report to the humans. Meanwhile, WALL•E chases EVE across the galaxy and sets into motion one of the most imaginative adventures ever brought to the big screen.",58.517,/hbhFnRzzg6ZDmm8YAmxBnQpQIPh.jpg,"After 700 years of doing what he was built for, he'll discover what he was meant for.","Animation, Family, Science Fiction","Pixar, Walt Disney Pictures",United States of America,English,"garbage, dystopia, space travel, distant future, loneliness, robot, aftercreditsstinger, duringcreditsstinger"
210577,Gone Girl,7.892,17381,Released,2014-10-01,369330363,149,False,/h2JaQWLKhapm7AuSViJwGiv8ngC.jpg,61000000,http://www.gonegirlmovie.com/,tt2267998,en,Gone Girl,"With his wife's disappearance having become the focus of an intense media circus, a man sees the spotlight turned on him when it's suspected that he may not be innocent.",46.611,/qymaJhucquUwjpb8oiqynMeXnID.jpg,You don't know what you've got 'til it's...,"Mystery, Thriller, Drama","Regency Enterprises, New Regency Pictures, Pacific Standard, TSG Entertainment, Artemple - Hollywood, 20th Century Fox",United States of America,English,"infidelity, based on novel or book, wife, marriage crisis, investigation, disappearance, psychological thriller, whodunit, missing person, search party, criminal lawyer, murder suspect, missing wife, perspective, manipulative woman, killed during sex, dramatic, amused"
49051,The Hobbit: An Unexpected Journey,7.339,17356,Released,2012-12-12,1021103568,169,False,/xyXmtuvsoM5J3yNad0nvcetpBdY.jpg,250000000,http://www.thehobbit.com/,tt0903624,en,The Hobbit: An Unexpected Journey,"Bilbo Baggins, a hobbit enjoying his quiet life, is swept into an epic quest by Gandalf the Grey and thirteen dwarves who seek to reclaim their mountain home from Smaug, the dragon.",83.524,/yHA9Fc37VmpUA5UncTxxo3rTGVA.jpg,From the smallest beginnings come the greatest legends.,"Adventure, Fantasy, Action","Warner Bros. Pictures, Metro-Goldwyn-Mayer, New Line Cinema, WingNut Films","New Zealand, United States of America",English,"based on novel or book, orcs, elves, dwarf, horseback riding, sword, burglar, legend, riddle, mountain, travel, troll, creature, thunderstorm, fantasy world, wizard, epic battle, lost ring, journey, goblin, tunnel, underground lake, buried treasure, invisibility, quest, frantic, good versus evil, backstory, epic fantasy, fantasy creature, dwarves, epic quest"
585,"Monsters, Inc.",7.835,17189,Released,2001-11-01,579707738,92,False,/vUTVUdfbsY4DePCYzxxDMXKp6v6.jpg,115000000,http://movies.disney.com/monsters-inc,tt0198781,en,"Monsters, Inc.","Lovable Sulley and his wisecracking sidekick Mike Wazowski are the top scare team at Monsters, Inc., the scream-processing factory in Monstropolis. When a little girl named Boo wanders into their world, it's the monsters who are scared silly, and it's up to Sulley and Mike to keep her out of sight and get her back home.",86.936,/sgheSKxZkttIe8ONsf2sWXPgip3.jpg,We Scare Because We Care.,"Animation, Comedy, Family",Pixar,United States of America,English,"monster, panic, cheating, kidnapping, door, infant, villain, portal, rivalry, energy supply, friends, hijinks, best friend, chameleon, family, parallel world, conveyor belt, invisibility, energy company, conspirators"
862,Toy Story,7.971,17152,Released,1995-10-30,394400000,81,False,/3Rfvhy1Nl6sSGJwyjb0QiZzZYlB.jpg,30000000,http://toystory.disney.com/toy-story,tt0114709,en,Toy Story,"Led by Woody, Andy's toys live happily in his room until Andy's birthday brings Buzz Lightyear onto the scene. Afraid of losing his place in Andy's heart, Woody plots against Buzz. But when circumstances separate Buzz and Woody from their owner, the duo eventually learns to put aside their differences.",78.404,/uXDfjJbdP4ijW5hWSBrPrlKpxab.jpg,Hang on for the comedy that goes to infinity and beyond!,"Animation, Adventure, Family, Comedy",Pixar,United States of America,English,"rescue, friendship, mission, martial arts, jealousy, bullying, elementary school, rivalry, anthropomorphism, friends, computer animation, buddy, walkie talkie, toy car, boy next door, new toy, neighborhood, toy comes to life, resourcefulness"
281957,The Revenant,7.5,17114,Released,2015-12-25,532950503,157,False,/3uM41OT0RfBkE6Gb6U89LEskJBr.jpg,135000000,https://www.foxmovies.com/movies/the-revenant,tt1663202,en,The Revenant,"In the 1820s, a frontiersman, Hugh Glass, sets out on a path of vengeance against those who left him for dead after a bear mauling.",36.747,/ji3ecJphATlVgWNY0B0RVXZizdf.jpg,"(n. One who has returned, as if from the dead.)","Western, Drama, Adventure","Monarchy Enterprises S.a.r.l., Regency Enterprises, Appian Way, CatchPlay, Anonymous Content, New Regency Pictures, Hong Kong Alpha Motion Pictures Co., M Productions, RatPac Entertainment","Canada, Hong Kong, Taiwan, United States of America","English, French","rape, based on novel or book, parent child relationship, winter, child murder, mountain, grizzly bear, wilderness, gore, native american, forest, based on true story, liar, fur trapping, frontier, remake, revenge, survival, murder, bear, snow, scalping, nature, wild west, bear attack, indian attack, dead horse, starvation, 19th century, wolves"
209112,Batman v Superman: Dawn of Justice,5.952,17081,Released,2016-03-23,873637528,152,False,/5fX1oSGuYdKgwWmUTAN5MNSQGzr.jpg,250000000,https://www.warnerbros.com/movies/batman-v-superman-dawn-justice,tt2975590,en,Batman v Superman: Dawn of Justice,"Fearing the actions of a god-like Super Hero left unchecked, Gotham City’s own formidable, forceful vigilante takes on Metropolis’s most revered, modern-day savior, while the world wrestles with what sort of hero it really needs. And with Batman and Superman at war with one another, a new threat quickly arises, putting mankind in greater danger than it’s ever known before.",78.589,/5UsK3grJvtQrtzEgqNlDljJW96w.jpg,Who will win?,"Action, Adventure, Fantasy","Warner Bros. Pictures, RatPac Entertainment, Atlas Entertainment, Cruel & Unusual Films, DC Entertainment, Syncopy","Canada, United Kingdom, United States of America",English,"superhero, based on comic, revenge, vigilante, leading man, super power, questioning, philosophical, dc extended universe (dceu), complex, man vs man, leading men, hero vs hero"
8587,The Lion King,8.256,16991,Released,1994-06-24,763455561,89,False,/yDaMQbBfyGzGWKxUsPMxzWVuJlY.jpg,45000000,http://movies.disney.com/the-lion-king,tt0110357,en,The Lion King,"A young lion prince is cast out of his pride by his cruel uncle, who claims he killed his father. While the uncle rules with an iron paw, the prince grows up beyond the Savannah, living by a philosophy: No worries for the rest of your days. But when his past comes to haunt him, the young prince must decide his fate: Will he remain an outcast or face his demons and become what he needs to be?",87.384,/sKCr78MXSLixwmZ8DyJLrpMsd15.jpg,Life's greatest adventure is finding your place in the Circle of Life.,"Family, Animation, Drama","Walt Disney Pictures, Walt Disney Feature Animation",United States of America,English,"father murder, loss of loved one, africa, lion, manipulation, redemption, musical, uncle, murder, warthog, shaman, king, scar, family, hyena, meerkat, nature, mandrill, powerful"
98,Gladiator,8.209,16962,Released,2000-05-04,465361176,155,False,/3ZVEtQxVPpEp5LNpAULDcxadTU3.jpg,103000000,,tt0172495,en,Gladiator,"In the year 180, the death of emperor Marcus Aurelius throws the Roman Empire into chaos.  Maximus is one of the Roman army's most capable and trusted generals and a key advisor to the emperor.  As Marcus' devious son Commodus ascends to the throne, Maximus is set to be executed.  He escapes, but is captured by slave traders.  Renamed Spaniard and forced to become a gladiator, Maximus must battle to the death with other men for the amusement of paying audiences.",53.587,/ty8TGRuvJLPUmAR1H1nRIsgwvim.jpg,A hero will rise.,"Action, Drama, Adventure","Universal Pictures, Scott Free Productions, Red Wagon Entertainment, Mill Film, C & L, Dawliz, DreamWorks Pictures","United Kingdom, United States of America",English,"epic, gladiator, rome, italy, arena, senate, roman empire, parent child relationship, emperor, slavery, ancient rome, revenge, battlefield, slave auction, historical fiction, ancient world, combat, chariot, philosopher, barbarian horde, 2nd century, successor, commodus, maximus"
37165,The Truman Show,8.133,16827,Released,1998-06-04,264118201,103,False,/aCHn2TXYJfzPXQKA6r9mKPbMlUB.jpg,60000000,,tt0120382,en,The Truman Show,"Truman Burbank is the star of The Truman Show, a 24-hour-a-day reality TV show that broadcasts every aspect of his life without his knowledge. His entire life has been an unending soap opera for consumption by the rest of the world. And everyone he knows, including his wife and his best friend, is really an actor, paid to be part of his life.",42.954,/vuza0WqY239yBXOadKlGwJsZJFE.jpg,On the air. Unaware.,"Comedy, Drama","Paramount, Scott Rudin Productions",United States of America,English,"paranoia, dystopia, suspicion, video surveillance, deception, hidden camera, simulated reality , television producer, tv show in film, make believe"
9806,The Incredibles,7.704,16584,Released,2004-10-27,631442092,115,False,/se5Hxz7PArQZOG3Nx2bpfOhLhtV.jpg,92000000,http://disney.go.com/disneyvideos/animatedfilms/incredibles/main.html,tt0317705,en,The Incredibles,"Bob Parr has given up his superhero days to log in time as an insurance adjuster and raise his three children with his formerly heroic wife in suburbia. But when he receives a mysterious assignment, it's time to get back into costume.",62.609,/2LqaLgk4Z226KkgPJuiOQ58wvrm.jpg,"No gut, no glory","Action, Adventure, Animation, Family","Pixar, Walt Disney Pictures",United States of America,"French, English","island, hero, secret identity, superhero, wretch, cartoon, lawsuit, family relationships, super power, 1950s, 1960s, superhero family"
329865,Arrival,7.6,16564,Released,2016-11-10,203388186,116,False,/5B14ls1dftgOyTSRdzV9EPCa5pR.jpg,47000000,http://www.arrivalmovie.com/,tt2543164,en,Arrival,"Taking place after alien crafts land around the world, an expert linguist is recruited by the military to determine whether they come in peace or are a threat.",47.983,/x2FJsf1ElAgr63Y3PNPtJrcmpoe.jpg,Why are they here?,"Drama, Science Fiction, Mystery","FilmNation Entertainment, Lava Bear Films, Reliance Entertainment, Xenolinguistics, 21 Laps Entertainment, Paramount, Stage 6 Films","Canada, India, United States of America","Mandarin, English, Russian","spacecraft, loss, time, alien, language, female protagonist, scientist, heartbreak, based on short story, military, alien language, linguist, first contact, communication, linguistics, time-manipulation, time manipulation"
496243,Parasite,8.515,16430,Released,2019-05-30,257591776,133,False,/hiKmpZMGZsrkA3cdce8a7Dpos1j.jpg,11363000,https://www.parasite-movie.com/,tt6751668,ko,기생충,"All unemployed, Ki-taek's family takes peculiar interest in the wealthy and glamorous Parks for their livelihood until they get entangled in an unexpected incident.",64.627,/7IiTTgloJzvGI1TAYymCfbfl3vT.jpg,Act like you own the place.,"Comedy, Thriller, Drama",Barunson E&A,South Korea,"English, German, Korean","dark comedy, private lessons, birthday party, con artist, working class, psychological thriller, class differences, housekeeper, tutor, family, crime family, unemployed, satirical, desperate, wealthy family, complex, south korea, seoul, south korea, critical, egotistical, hilarious, intense, baffled, callous, dubious, farcical, mean spirited, straightforward, urgent"
76338,Thor: The Dark World,6.538,16359,Released,2013-10-30,644783140,112,False,/4zTsF0RtO0av3YX1NaKDqGKPxYF.jpg,170000000,https://www.marvel.com/movies/thor-the-dark-world,tt1981115,en,Thor: The Dark World,"Thor fights to restore order across the cosmos… but an ancient race led by the vengeful Malekith returns to plunge the universe back into darkness. Faced with an enemy that even Odin and Asgard cannot withstand, Thor must embark on his most perilous and personal journey yet, one that will reunite him with Jane Foster and force him to sacrifice everything to save us all.",59.968,/wp6OxE4poJ4G7c0U2ZIXasTSMR7.jpg,Delve into the darkness,"Action, Adventure, Fantasy",Marvel Studios,United States of America,English,"superhero, based on comic, hostile takeover, norse mythology, aftercreditsstinger, duringcreditsstinger, marvel cinematic universe (mcu), mythological place"
1930,The Amazing Spider-Man,6.691,16352,Released,2012-06-23,757930663,136,False,/sLWUtbrpiLp23a0XDSiUiltdFPJ.jpg,215000000,https://www.sonypictures.com/movies/theamazingspiderman,tt0948470,en,The Amazing Spider-Man,"Peter Parker is an outcast high schooler abandoned by his parents as a boy, leaving him to be raised by his Uncle Ben and Aunt May. Like most teenagers, Peter is trying to figure out who he is and how he got to be the person he is today. As Peter discovers a mysterious briefcase that belonged to his father, he begins a quest to understand his parents' disappearance – leading him directly to Oscorp and the lab of Dr. Curt Connors, his father's former partner. As Spider-Man is set on a collision course with Connors' alter ego, The Lizard, Peter will make life-altering choices to use his powers and shape his destiny to become a hero.",78.989,/jIfkQNARYyERqRAq1p1c8xgePp4.jpg,The untold story begins.,"Action, Adventure, Fantasy","Marvel Entertainment, Laura Ziskin Productions, Columbia Pictures, Matt Tolmach Productions, Arad Productions",United States of America,English,"experiment, loss of loved one, superhero, based on comic, vigilante, teenage girl, violent death, teenage boy, super power, spider bite, masked vigilante, reboot, genetic engineering, social outcast, death of husband, duringcreditsstinger, virus, teen superhero, teenage angst, vigilante justice"
381288,Split,7.337,16345,Released,2017-01-19,278454358,117,False,/9pkZesKMnblFfKxEhQx45YQ2kIe.jpg,9000000,http://www.splitmovie.com/,tt4972582,en,Split,"Though Kevin has evidenced 23 personalities to his trusted psychiatrist, Dr. Fletcher, there remains one still submerged who is set to materialize and dominate all the others. Compelled to abduct three teenage girls led by the willful, observant Casey, Kevin reaches a war for survival among all of those contained within him — as well as everyone around him — as the walls between his compartments shatter apart.",44.51,/lli31lYTFpvxVBeFHWoe5PMfW5s.jpg,Kevin has 23 distinct personalities. The 24th is about to be unleashed.,"Horror, Thriller","Universal Pictures, Blinding Edge Pictures, Blumhouse Productions",United States of America,English,"child abuse, kidnapping, gore, sequel, stalking, teenage girl, super power, mental illness, split personality, multiple personality, traumatic childhood, dissociative identity disorder"
383498,Deadpool 2,7.492,16324,Released,2018-05-10,785896609,120,False,/3P52oz9HPQWxcwHOwxtyrVV1LKi.jpg,110000000,https://www.20thcenturystudios.com/movies/deadpool-2,tt5463162,en,Deadpool 2,Wisecracking mercenary Deadpool battles the evil and powerful Cable and other bad guys to save a boy's life.,66.096,/to0spRl1CMDvyUbOnbb4fTk3VAd.jpg,Prepare for the Second Coming.,"Action, Comedy, Adventure","Maximum Effort, Genre Films, 20th Century Fox",United States of America,"Cantonese, English, Russian, Spanish","hero, superhero, mutant, mercenary, based on comic, sequel, aftercreditsstinger, duringcreditsstinger"
694,The Shining,8.218,16205,Released,1980-05-23,44781695,144,False,/AdKA2F1SzYPhSZdEbjH1Zh75UVQ.jpg,19000000,,tt0081505,en,The Shining,"Jack Torrance accepts a caretaker job at the Overlook Hotel, where he, along with his wife Wendy and their son Danny, must live isolated from the rest of the world for the winter. But they aren't prepared for the madness that lurks within.",45.252,/xazWoLealQwEgqZ89MLZklLZD3k.jpg,"He came as the caretaker, but this hotel had its own guardians - who'd been there a long time","Horror, Thriller","Hawk Films, Peregrine, Producers Circle, Warner Bros. Pictures","United Kingdom, United States of America",English,"hotel, child abuse, based on novel or book, isolation, telepathy, delusion, grave, snowstorm, colorado, seclusion, surrealism, alcoholism, premonition, psychic power, caretaker, loneliness, vision, domestic violence, postmodern, psychological thriller, writer, electronic music score, twins, labyrinth, cynical, alcoholic, blizzard, mutilation, bloody body of child, extrasensory perception, uxoricide, motherhood, filicide, snowed in, burial ground, hypothermia, haunted hotel, psychological disintegration, detached, paranoid, vexed, afi, frantic, pediatrician, repetition, mother son relationship, malicious, supernatural power, anxious, supernatural horror, ghost child, psychotronic film, writers-block, cabin fever, psychological horror, negative, deal with the devil, nuclear family, avant garde, yosemite national park, egotistical, twin sisters, identical twins, arrogant, assertive, demeaning, enraged, frustrated, harsh, mean spirited, sardonic"
24,Kill Bill: Vol. 1,7.97,16188,Released,2003-10-10,180906076,111,False,/k9Ps0EsrTnqbQ4oTTWx628BQ2TW.jpg,30000000,http://www.miramax.com/movie/kill-bill-volume-1,tt0266697,en,Kill Bill: Vol. 1,"An assassin is shot by her ruthless employer, Bill, and other members of their assassination circle – but she lives to plot her vengeance.",36.315,/v7TaX8kXMXs5yFFGR41guUDNcnB.jpg,A roaring rampage of revenge.,"Action, Crime","Miramax, A Band Apart, Super Cool ManChu",United States of America,"English, Japanese, French","martial arts, japan, kung fu, showdown, coma, sword, asia, yakuza, bride, sword fight, revenge, vigilante, female yakuza, animated scene, wedding, samurai sword, eye patch, retribution"
101299,The Hunger Games: Catching Fire,7.4,16182,Released,2013-11-15,865011746,146,False,/dIi0De3LzEVSQHEUlh0Q2zUpmeW.jpg,130000000,http://www.thehungergames.movie/,tt1951264,en,The Hunger Games: Catching Fire,"Katniss Everdeen has returned home safe after winning the 74th Annual Hunger Games along with fellow tribute Peeta Mellark. Winning means that they must turn around and leave their family and close friends, embarking on a ""Victor's Tour"" of the districts. Along the way Katniss senses that a rebellion is simmering, but the Capitol is still very much in control as President Snow prepares the 75th Annual Hunger Games (The Quarter Quell) - a competition that could change Panem forever.",49.864,/vrQHDXjVmbYzadOXQ0UaObunoy2.jpg,Every revolution begins with a spark.,"Adventure, Action, Science Fiction","Lionsgate, Color Force",United States of America,English,"rebellion, based on novel or book, propaganda, dystopia, games, uprising, sequel, president, survival, murder, conspiracy, female protagonist, tournament, based on young adult novel"
77338,The Intouchables,8.277,16083,Released,2011-11-02,426588510,113,False,/bGksau9GGu0uJ8DJQ8DYc9JW5LM.jpg,13000000,,tt1675434,fr,Intouchables,A true story of two men who should never have met – a quadriplegic aristocrat who was injured in a paragliding accident and a young man from the projects.,41.656,/323BP0itpxTsO0skTwdnVmf7YC9.jpg,Sometimes you have to reach into someone else's world to find out what's missing in your own.,"Drama, Comedy","Gaumont, CinéCinéma, Quad Productions, Chaocorp, Ten Films, TF1, Canal+, TF1 Films Production",France,"English, French","friendship, male friendship, based on true story, masseuse, aristocrat, paragliding, interracial friendship, unlikely friendship, duringcreditsstinger, quadriplegic, quadriplegia, loving, feel good, intouchables"
419430,Get Out,7.62,16081,Released,2017-02-24,255407969,104,False,/o8dPH0ZSIyyViP6rjRX1djwCUwI.jpg,4500000,http://www.getoutfilm.com/,tt5052448,en,Get Out,"Chris and his girlfriend Rose go upstate to visit her parents for the weekend. At first, Chris reads the family's overly accommodating behavior as nervous attempts to deal with their daughter's interracial relationship, but as the weekend progresses, a series of increasingly disturbing discoveries lead him to a truth that he never could have imagined.",36.442,/mE24wUCfjK8AoBBjaMjho7Rczr7.jpg,"Just because you're invited, doesn't mean you're welcome.","Mystery, Thriller, Horror","Monkeypaw Productions, Blumhouse Productions, QC Entertainment",United States of America,English,"kidnapping, externally controlled action, manipulation, dark comedy, hypnosis, parents-in-law, satire, racist, revenge, interracial relationship, disappearance, racism, psychological thriller, neurosurgeon, missing person, stereotype, brain surgery, race-conscious, pretentious"
205596,The Imitation Game,8.007,15973,Released,2014-11-14,233555708,113,False,/caQp2MhwfrTYGqVr7d9ayn8tqQ7.jpg,14000000,,tt2084970,en,The Imitation Game,"Based on the real life story of legendary cryptanalyst Alan Turing, the film portrays the nail-biting race against time by Turing and his brilliant team of code-breakers at Britain's top-secret Government Code and Cypher School at Bletchley Park, during the darkest days of World War II.",47.491,/zSqJ1qFq8NXFfi7JeIYMlzyR0dx.jpg,The true enigma was the man who cracked the code.,"History, Drama, Thriller, War","Bristol Automotive, Black Bear Pictures, The Weinstein Company, FilmNation Entertainment","United Kingdom, United States of America",English,"england, homophobia, world war ii, mathematician, genius, biography, male homosexuality, code breaking, lgbt, logician, cryptography, math genius, gay theme, codes"
424694,Bohemian Rhapsody,7.997,15965,Released,2018-10-24,903992901,135,False,/dcvbs8z0GEXslC1kCT77x19XDeR.jpg,52000000,http://bohemianrhapsody.com,tt1727824,en,Bohemian Rhapsody,"Singer Freddie Mercury, guitarist Brian May, drummer Roger Taylor and bass guitarist John Deacon take the music world by storm when they form the rock 'n' roll band Queen in 1970. Hit songs become instant classics. When Mercury's increasingly wild lifestyle starts to spiral out of control, Queen soon faces its greatest challenge yet – finding a way to keep the band together amid the success and excess.",37.55,/lHu1wtNaczFPGFDTrjCSzeLPTKN.jpg,Fearless lives forever,"Music, Drama, History","GK Films, Regency Enterprises, Queen Films, Tribeca Productions, New Regency Pictures, 20th Century Fox","United Kingdom, United States of America",English,"london, england, aids, musician, 1970s, queen, biography, based on true story, singer, hiv, male homosexuality, fame, rock band, lgbt, 1980s, gay theme, music movie"
497,The Green Mile,8.507,15937,Released,1999-12-10,286801374,189,False,/l6hQWH9eDksNJNiXWYRkWqikOdu.jpg,60000000,http://thegreenmile.warnerbros.com/,tt0120689,en,The Green Mile,"A supernatural tale set on death row in a Southern prison, where gentle giant John Coffey possesses the mysterious power to heal people's ailments. When the cell block's head guard, Paul Edgecomb, recognizes Coffey's miraculous gift, he tries desperately to help stave off the condemned man's execution.",83.739,/8VG8fDNiy50H4FedGwdSVUPoaJe.jpg,Miracles do happen.,"Fantasy, Drama, Crime","Castle Rock Entertainment, Darkwoods Productions, Warner Bros. Pictures, PolyGram Filmed Entertainment",United States of America,"French, English","mentally disabled, based on novel or book, southern usa, psychopath, death row, jail guard, supernatural, great depression, prison guard, jail, electric chair, torture, magic realism, healing, 1930s, abuse of power"
198663,The Maze Runner,7.173,15901,Released,2014-09-10,348319861,113,False,/vHJlbhsXrZ5yrO2KqCbGSIU6fRX.jpg,34000000,https://www.20thcenturystudios.com/movies/the-maze-runner,tt1790864,en,The Maze Runner,"Set in a post-apocalyptic world, young Thomas is deposited in a community of boys after his memory is erased, soon learning they're all trapped in a maze that will require him to join forces with fellow “runners” for a shot at escape.",83.206,/ode14q7WtDugFDp78fo9lCsmay9.jpg,Remember. Survive. Run.,"Action, Mystery, Science Fiction, Thriller","Ingenious Media, Gotham Group, Dayday Films, Temple Hill Entertainment, TSG Entertainment, 20th Century Fox","United States of America, United Kingdom",English,"based on novel or book, escape, dystopia, maze, post-apocalyptic future, memory loss, erased memory, trapped, runner, based on young adult novel"
18785,The Hangover,7.312,15812,Released,2009-06-02,469310836,100,False,/2o0PKGmnSgCGkzoSePNAqse8Ure.jpg,35000000,https://www.warnerbros.com/movies/hangover,tt1119646,en,The Hangover,"When three friends finally come to after a raucous night of bachelor-party revelry, they find a baby in the closet and a tiger in the bathroom. But they can't seem to locate their best friend, Doug – who's supposed to be tying the knot. Launching a frantic search for Doug, the trio perseveres through a nasty hangover to try to make it to the church on time.",72.655,/uluhlXubGu1VxU63X9VHCLWDAYP.jpg,Some guys just can't handle Vegas.,Comedy,"Legendary Pictures, Green Hat Films, Warner Bros. Pictures","Germany, United States of America",English,"blackjack, stag night, lost weekend, chapel, hit with tire iron, memory loss, las vegas, drugs"
1891,The Empire Strikes Back,8.4,15773,Released,1980-05-20,538400000,124,False,/aJCtkxLLzkk1pECehVjKHA2lBgw.jpg,18000000,http://www.starwars.com/films/star-wars-episode-v-the-empire-strikes-back,tt0080684,en,The Empire Strikes Back,"The epic saga continues as Luke Skywalker, in hopes of defeating the evil Galactic Empire, learns the ways of the Jedi from aging master Yoda. But Darth Vader is more determined than ever to capture Luke. Meanwhile, rebel leader Princess Leia, cocky Han Solo, Chewbacca, and droids C-3PO and R2-D2 are thrown into various stages of capture, betrayal and despair.",35.265,/nNAeTmF4CtdSgMDplXTDPOpYzsX.jpg,The Adventure Continues...,"Adventure, Action, Science Fiction",Lucasfilm Ltd.,United States of America,English,"rebellion, android, spacecraft, asteroid, rebel, space battle, snowstorm, space colony, swamp, space opera, artic"
808,Shrek,7.73,15765,Released,2001-05-18,487853320,90,False,/sRvXNDItGlWCqtO3j6wks52FmbD.jpg,60000000,http://www.dreamworksanimation.com/shrek/,tt0126029,en,Shrek,"It ain't easy bein' green -- especially if you're a likable (albeit smelly) ogre named Shrek. On a mission to retrieve a gorgeous princess from the clutches of a fire-breathing dragon, Shrek teams up with an unlikely compatriot -- a wisecracking donkey.",94.456,/dyhaB19AICF7TO7CK2aD6KfymnQ.jpg,The greatest fairy tale never told.,"Animation, Comedy, Fantasy, Adventure, Family","DreamWorks Pictures, Pacific Data Images, DreamWorks Animation",United States of America,English,"princess, magic, fairy tale, donkey, liberation, lordship, prince, castle, robin hood, enchantment, swamp, parody, anthropomorphism, dragon, woman director, ogre, cartoon donkey, shrek cinematic universe"
2062,Ratatouille,7.809,15728,Released,2007-06-28,623726000,111,False,/xgDj56UWyeWQcxQ44f5A3RTWuSs.jpg,150000000,http://disney.go.com/disneypictures/ratatouille,tt0382932,en,Ratatouille,"Remy, a resident of Paris, appreciates good food and has quite a sophisticated palate. He would love to become a chef so he can create and enjoy culinary masterpieces to his heart's delight. The only problem is, Remy is a rat. When he winds up in the sewer beneath one of Paris' finest restaurants, the rodent gourmet finds himself ideally placed to realize his dream.",82.488,/t3vaWRPSf6WjDSamIkKDs1iQWna.jpg,He's dying to become a chef.,"Animation, Comedy, Family, Fantasy","Pixar, Walt Disney Pictures",United States of America,"English, French","work, sibling relationship, paris, france, expensive restaurant, river, confidence, evacuation, mouse, leaving one's family, restaurant critic, spice, cookbook, food, chef, sewer, unlikely friendship, rat, french cuisine"
207703,Kingsman: The Secret Service,7.636,15664,Released,2014-12-13,414351546,129,False,/dGXKgxWmiPRZkxphtMvBuCEeLU0.jpg,81000000,http://www.kingsmanmovie.com/,tt2802144,en,Kingsman: The Secret Service,The story of a super-secret spy organization that recruits an unrefined but promising street kid into the agency's ultra-competitive training program just as a global threat emerges from a twisted tech genius.,56.288,/ay7xwXn1G9fzX9TUBlkGA584rGi.jpg,Manners maketh man.,"Crime, Comedy, Action, Adventure","20th Century Fox, Marv Films, Cloudy Productions, TSG Entertainment","United Kingdom, United States of America","Arabic, English","great britain, spy, secret organization, secret agent, based on comic, united kingdom, duringcreditsstinger, spy universe"
